<?xml version="1.0" encoding="UTF-8"?>
<project-private xmlns="http://www.netbeans.org/ns/project-private/1">
    <editor-bookmarks xmlns="http://www.netbeans.org/ns/editor-bookmarks/2" lastBookmarkId="0"/>
    <open-files xmlns="http://www.netbeans.org/ns/projectui-open-files/2">
        <group>
            <file>file:/H:/Programming/java/rental_mobil/src/View/SopirOwner.java</file>
            <file>file:/H:/Programming/java/rental_mobil/src/Config/DatabaseConfig.java</file>
            <file>file:/H:/Programming/java/rental_mobil/src/View/Login.java</file>
            <file>file:/H:/Programming/java/rental_mobil/src/View/MobilOwner.java</file>
            <file>file:/H:/Programming/java/rental_mobil/src/View/Transaksi.java</file>
            <file>file:/H:/Programming/java/rental_mobil/src/View/Admin.java</file>
            <file>file:/H:/Programming/java/rental_mobil/src/View/Mobil.java</file>
            <file>file:/H:/Programming/java/rental_mobil/src/View/CustomerOwner.java</file>
        </group>
    </open-files>
</project-private>
